"BROKEN","EPIC","FAILED","FEATURE","PASSED","SKIPPED","STORY","UNKNOWN"
"0","","0","","1055","0","","0"
"0","permission","0","app_permission_settings_screen_test","8","0","","0"
"0","my_tickets","0","logic","8","0","","0"
"0","tag","0","logic","7","0","","0"
"0","home","0","home_page_app_bar_test","12","0","","0"
"0","dev","0","catalog_tabs","44","0","","0"
"0","auth","0","staff_guard_test","4","0","","0"
"0","notification","0","notification_initializer_test","5","0","","0"
"0","iamport","0","data","20","0","","0"
"0","explore","0","providers","42","0","","0"
"0","my_tickets","0","ui","17","0","","0"
"0","event","0","admission","66","0","","0"
"0","dev","0","design_catalog_page_test","11","0","","0"
"0","auth","0","ui","8","0","","0"
"0","account_deletion","0","ui","5","0","","0"
"0","auth","0","auth_state_provider_test","5","0","","0"
"0","settings","0","privacy_page_test","12","0","","0"
"0","event","0","logic","14","0","","0"
"0","consent","0","logic","21","0","","0"
"0","partner","0","logic","3","0","","0"
"0","purchase","0","ui","3","0","","0"
"0","search","0","logic","6","0","","0"
"0","home","0","logic","43","0","","0"
"0","tag","0","ui","6","0","","0"
"0","event","0","detail","9","0","","0"
"0","event","0","ui","6","0","","0"
"0","auth","0","logic","23","0","","0"
"0","explore","0","logic","9","0","","0"
"0","payment","0","logic","17","0","","0"
"0","home","0","home_page_test","14","0","","0"
"0","notification","0","notification_list_controller_test","6","0","","0"
"0","home","0","widgets","42","0","","0"
"0","payment","0","ui","6","0","","0"
"0","notification","0","logic","11","0","","0"
"0","iamport","0","logic","7","0","","0"
"0","event","0","matching","15","0","","0"
"0","verification","0","ui","2","0","","0"
"0","ticket","0","data","10","0","","0"
"0","social","0","logic","5","0","","0"
"0","account_deletion","0","logic","7","0","","0"
"0","ticket","0","logic","4","0","","0"
"0","party","0","logic","2","0","","0"
"0","consent","0","ui","6","0","","0"
"0","settings","0","blocked_partners_page_test","2","0","","0"
"0","consent","0","identity_verification_consent_sheet_test","3","0","","0"
